<?xml version="1.0" encoding="UTF-8"?>
<beans xmlns="http://www.springframework.org/schema/beans"
	xmlns:xsi="http://www.w3.org/2001/XMLSchema-instance"
	xmlns:security="http://www.springframework.org/schema/security"
	xsi:schemaLocation="http://www.springframework.org/schema/security http://www.springframework.org/schema/security/spring-security.xsd
		http://www.springframework.org/schema/beans http://www.springframework.org/schema/beans/spring-beans.xsd">


	<bean id="dataSource2"
		class="org.springframework.jdbc.datasource.DriverManagerDataSource">
		<property name="driverClassName"
			value="${jdbc.driverClassName}" />
		<property name="url"
			value="${jdbc.url}" />
		<property name="username" value="${jdbc.username}" />
		<property name="password" value="${jdbc.password}" />
	</bean>
	
	<security:authentication-manager> 
		<security:authentication-provider>
			<security:jdbc-user-service
				data-source-ref="dataSource2"
				users-by-username-query="select id, password, enabled from member where id=?"
				authorities-by-username-query="select id, authority from member where id=?" />
		</security:authentication-provider>
	</security:authentication-manager>
	

	<security:http auto-config="true" use-expressions="true">
		 <!-- 접근권한설정 -->
		<security:intercept-url pattern="/login" access='permitAll' /> 
		<security:intercept-url pattern="/checkout" access='isAuthenticated()' />
		

		<security:intercept-url pattern="/admin/**"	access='hasRole("ROLE_ADMIN")' />
		
		<security:form-login login-page="/login"
			authentication-failure-url="/login?error=1" />

		<security:headers disabled="true"></security:headers>
		<security:logout /> <!-- header.jsp 52번째 줄에서 post방식으로 form을 제출하면 로그아웃되는 방식임 모든 url 기본값은 /logout -->
	</security:http>

</beans>
