<?xml version="1.0" encoding="UTF-8" ?>
<!DOCTYPE mapper
	PUBLIC "-//mybatis.org//DTD Mapper 3.0//EN"
	"http://mybatis.org/dtd/mybatis-3-mapper.dtd">

<mapper namespace="mapper.product">
	<!-- ResultMap 정의 -->
	<resultMap id="productResult" type="productVO">
		<result property="bookNo" column="bookNo" />
		<result property="category" column="category" />
		<result property="bookName" column="bookName" />
		<result property="writer" column="writer" />
		<result property="publisher" column="publisher" />
		<result property="pubYear" column="pubYear" />
		<result property="price" column="price" />
		<result property="stock" column="stock" />
		<result property="imageFileName" column="imageFileName" />
	</resultMap>

	<!-- ************************************************* -->
	<insert id="addProduct" parameterType="productVO">
  		<![CDATA[
	    	insert into product(bookNo, category, bookName, writer, publisher, pubYear, price, stock, description, imageFileName)
	    	values(seq_bookNo.nextval, #{category, jdbcType=VARCHAR}, #{bookName, jdbcType=VARCHAR}, #{writer, jdbcType=VARCHAR},
	    	#{publisher, jdbcType=VARCHAR}, #{pubYear, jdbcType=DATE}, #{price, jdbcType=INTEGER}, #{stock, jdbcType=INTEGER}, 
	    	#{description, jdbcType=VARCHAR}, #{imageFileName, jdbcType=VARCHAR})
	   ]]>
	</insert>

	<delete id="deleteProduct" parameterType="int">
		<![CDATA[
			delete product where bookNo = #{bookNo}
		]]>
	</delete>

	<update id="updateProduct" parameterType="productVO">
		<![CDATA[
			update product set bookName = #{bookName}, writer = #{writer}, publisher = #{publisher}, description = #{description},
			stock=#{stock}, pubYear = #{pubYear}, price= #{price}, imageFileName = #{imageFileName} where bookNo = #{bookNo}
		]]>
	</update>


	<!-- Ramdom 상품 선택 -->
	<select id="selectBookListByRecommendation"
		resultMap="productResult">
		<![CDATA[ 
			SELECT rownum, t.*
			FROM (SELECT p.* FROM Product p order by DBMS_RANDOM.VALUE) t 
			WHERE rownum < 7
		]]> <!-- Product 테이블의 모든 컬럼을 랜덤정렬 (6개까지) -->
	</select>

	<!-- 상품 전체 선택 -->
	<select id="selectProductListAll" resultMap="productResult">
				<![CDATA[
			SELECT * FROM product order by bookNo
		]]>
	</select>

	<!-- 카데고리 별 상품 선택 -->
	<select id="selectBookListByCategory" parameterType="String"
		resultMap="productResult">
       <![CDATA[
       		select * from product where category = #{category} order by bookNo
	   ]]>
	</select>

	<!-- 특정 id 상품 검색 -->
	<select id="selectProductByBookNo" parameterType="int"
		resultType="productVO">
		<![CDATA[
			select * from product where bookNo = #{bookNo}
		]]>
	</select>
	<!--상품 키워드로 검색-->
	<!-- <select id="selectProductBySearchWord" resultType="productVO"   parameterType="String"  >
      
				select * from product 
				where price is not null 
		<if test="searchType != null">
			<if test="searchType == 'title'.toString()">
				and bookname like '%'||#{searchWord}||'%'
			</if>
			<if test="searchType == 'writer'.toString()">
				and writer like '%'||#{searchWord}||'%'
			</if>
		</if>
		order by price desc
	
	</select>	 -->
	<select id="selectProductByTitle" resultType="productVO"   parameterType="String"  >
      <![CDATA[
				select * from product 
				where bookname like '%'||#{searchWord}||'%'
			    order by price desc
		]]>
	</select>	
	<select id="selectProductByWriter" resultType="productVO"   parameterType="String"  >
      <![CDATA[
				select * from product 
				where writer like '%'||#{searchWord}||'%'
			    order by price desc
		]]>
	</select>	
	<!-- 자동완성 -->
	<select id="selectKeywordSearch" resultType="String"   parameterType="String"  >
	    <![CDATA[
        select bookname from product 
        where         
        bookname like '%'|| #{searchWord} || '%'

		]]>
	</select>
</mapper>